Date,Open,High,Low,Close,Volume,Daily_Return,Log_Return
2022-01-03 00:00:00+05:30,109.73171790265272,110.57965523945383,108.8452235240001,110.27131652832031,3765911,,
2022-01-04 00:00:00+05:30,110.30986653341482,114.54958868615115,110.30986653341482,113.93289947509766,16351836,0.033205216569958784,0.03266583117178801
2022-01-05 00:00:00+05:30,114.4724593584428,116.47669567505153,113.62451051010117,115.89855194091797,12977680,0.017252720459817183,0.017105582223750915
2022-01-06 00:00:00+05:30,116.09129116755781,116.70796853834219,114.35685959690127,116.2454605102539,9012777,0.0029932088324347017,0.002988738101875832
2022-01-07 00:00:00+05:30,116.7850497924251,121.41020027925381,116.66942573520075,121.06331634521484,30889365,0.041445539583336855,0.04060968998524572
2022-01-10 00:00:00+05:30,121.98838489168911,122.87486765988771,120.56229164298365,122.06547546386719,16418985,0.008277975103496038,0.008243900583789099
2022-01-11 00:00:00+05:30,122.41236821946775,124.60930853434338,121.48734009939534,124.06970977783203,14457548,0.01641933811627294,0.01628599837130107
2022-01-12 00:00:00+05:30,125.41866002107292,127.73123523386111,124.41654174305822,127.15309143066406,21220614,0.024852009876974446,0.024548221558658767
2022-01-13 00:00:00+05:30,127.1531294477273,127.57710404930762,125.68850274667088,126.38227081298828,7445346,-0.006062146102803201,-0.006080595510280951
2022-01-14 00:00:00+05:30,125.61140086109074,125.8812060638886,123.49153980655069,124.14677429199219,11646259,-0.017688371213902543,-0.01784668004694545
2022-01-17 00:00:00+05:30,125.26451997700647,129.6584115560339,125.1103506125854,127.8469009399414,32577835,0.02980445258486175,0.029368932358041278
2022-01-18 00:00:00+05:30,129.7355095858939,129.81258839135617,125.95829524716663,126.30519104003906,11175409,-0.01205903223752447,-0.012132332247589694
2022-01-19 00:00:00+05:30,127.42291540722124,131.8168066083597,127.11456494252971,131.23866271972656,36648534,0.03905992809213665,0.03831638907947621
2022-01-20 00:00:00+05:30,131.73971975160313,131.73971975160313,128.34794688130847,128.6177520751953,14474454,-0.01997056804920716,-0.020172675165639475
2022-01-21 00:00:00+05:30,127.42293238786974,128.27086981344243,125.11035652515838,126.15100860595703,8625926,-0.019178872507397915,-0.019365172950831955
2022-01-24 00:00:00+05:30,127.3458329235083,129.7354991862979,126.22809035376541,127.73126220703125,28783449,0.012526682255948218,0.012448872496708674
2022-01-25 00:00:00+05:30,125.64994789005542,128.50212226882837,125.64994789005542,127.30728912353516,14249846,-0.00331925854462245,-0.003324779503644848
2022-01-27 00:00:00+05:30,127.26875412422467,130.0823831889949,126.80623427904983,127.73126220703125,25936832,0.0033303127135531074,0.003324779503644848
2022-01-28 00:00:00+05:30,129.1573527135184,134.66898665423798,128.15523424365085,130.1209259033203,32790065,0.018708526440581297,0.018535674501876542
2022-01-31 00:00:00+05:30,132.27934280239413,134.78463329666394,130.6990802919963,133.05020141601562,24031034,0.022511947961942447,0.02226229391490442
2022-02-01 00:00:00+05:30,134.12939560466535,134.82316363560406,129.88967332980522,131.7782745361328,14220953,-0.009559751630182078,-0.00960573937811482
2022-02-02 00:00:00+05:30,131.46993649472182,134.167941592921,131.4313912122738,132.04808044433594,12478192,0.002047423288496164,0.0020453301739422614
2022-02-03 00:00:00+05:30,131.04593578737175,132.00950884463182,127.96250200413947,129.11878967285156,12529302,-0.022183516501167122,-0.022433271239005848
2022-02-04 00:00:00+05:30,131.04596386150274,133.127279758594,130.31365053357402,130.7376251220703,17434362,0.012537566788849208,0.01245962231159048
2022-02-07 00:00:00+05:30,131.58555535048376,133.58979233444506,130.42926749720644,132.66476440429688,11723574,0.014740510089786163,0.01463292472446387
2022-02-08 00:00:00+05:30,132.58767771645523,133.35853630782995,128.34795546389415,128.69483947753906,13231599,-0.029924486313935184,-0.030381361353905234
2022-02-09 00:00:00+05:30,129.42716006773355,130.73762915668533,125.72704803088169,126.38227081298828,17938632,-0.017969397016532218,-0.018132807178971255
2022-02-10 00:00:00+05:30,127.84688280734902,131.35427945935442,127.30727246485569,130.3521728515625,26763203,0.031411858744401,0.03092860028473776
2022-02-11 00:00:00+05:30,129.4657036743987,131.4313955199867,128.81048090078212,129.619873046875,12884995,-0.0056178565241210565,-0.005633696030655777
2022-02-14 00:00:00+05:30,130.19799961617318,135.94090501299647,127.34582543822546,128.11668395996094,44604164,-0.011596902940727793,-0.01166467146579997
2022-02-15 00:00:00+05:30,131.04595772678522,131.04595772678522,120.56227640369504,126.53643035888672,31146458,-0.012334487220790669,-0.012411188373810944
2022-02-16 00:00:00+05:30,126.8062131108257,130.1979855346794,126.8062131108257,129.92819213867188,15960268,0.02680462670051087,0.026451675945980746
2022-02-17 00:00:00+05:30,129.92822841585382,132.89602717477152,129.88968313070018,132.3949737548828,24640791,0.01898573031461992,0.018807750525872358
2022-02-18 00:00:00+05:30,131.97099027950296,132.39496486297898,128.50212657130263,129.42715454101562,11829998,-0.02241640395927591,-0.022671470532998228
2022-02-21 00:00:00+05:30,130.4008922923696,130.51774610606674,127.01234564781744,127.28498077392578,14222260,-0.01655119263563032,-0.016689693992884003
2022-02-22 00:00:00+05:30,129.69975762622636,129.69975762622636,127.16808067556427,128.49234008789062,29399172,0.009485481371201754,0.009440776667532624
2022-02-23 00:00:00+05:30,129.5050659891606,129.62190791073763,124.36380748711758,125.22068786621094,21301826,-0.02546184635941595,-0.025791608783923614
2022-02-24 00:00:00+05:30,125.2206923725728,126.50600110120914,121.52054749686691,122.0268783569336,28766189,-0.025505446134345577,-0.02583634869492535
2022-02-25 00:00:00+05:30,124.16903808988124,124.94801577397398,122.1437032429938,124.24694061279297,20225258,0.018193223376292478,0.018029706970228432
2022-02-28 00:00:00+05:30,125.02593457593292,126.07755934088779,121.36474136124126,125.14277648925781,20210070,0.007210124225566661,0.007184255549711693
2022-03-02 00:00:00+05:30,129.0376784691903,131.14092821184653,126.11651147801098,126.93444061279297,41103406,0.014316959986012012,0.01421544013748477
2022-03-03 00:00:00+05:30,131.10194154261958,133.8283633315607,126.895455079357,132.65989685058594,42345653,0.04510561680622338,0.04411794902376531
2022-03-04 00:00:00+05:30,132.50410538439255,133.20518052740286,127.63549498499917,128.72605895996094,32658756,-0.029653557586100443,-0.030102114122401602
2022-03-07 00:00:00+05:30,130.1671821559868,147.8499740756456,130.1671821559868,145.6298828125,132538155,0.13131625398239555,0.12338178137327738
2022-03-08 00:00:00+05:30,148.0057760180236,151.86171359492587,138.50224961938096,139.51492309570312,73127816,-0.04198973176865051,-0.04289678266438646
2022-03-09 00:00:00+05:30,142.5529419102926,143.17612654726136,135.42529956928126,136.63270568847656,51977091,-0.020658846690181254,-0.02087522594848945
2022-03-10 00:00:00+05:30,131.06300459680304,137.80115728516708,128.53132694485885,135.8147735595703,62112814,-0.0059863568154109315,-0.006004346881941736
2022-03-11 00:00:00+05:30,134.37366751558338,137.41167611360655,133.7504829121726,136.86639404296875,26187452,0.007743049270977798,0.007713225716211802
2022-03-14 00:00:00+05:30,135.54213313071176,136.7105997956317,132.89361344472962,133.82838439941406,20214021,-0.022196899865725372,-0.022446958322802857
2022-03-15 00:00:00+05:30,131.10196078109362,132.03673172579468,125.92175149018556,127.55760955810547,42333127,-0.046856837355170544,-0.047990163478265124
2022-03-16 00:00:00+05:30,129.31033959424025,130.7514535550657,126.07758585888834,130.32301330566406,25545119,0.021679645433453354,0.021447984163147638
2022-03-17 00:00:00+05:30,129.77768190809934,133.59466765811462,128.219726600133,132.65989685058594,66314748,0.017931472620579036,0.01777260016565041
2022-03-21 00:00:00+05:30,133.75047707414316,136.32110602209698,132.65991298046924,134.41261291503906,20614652,0.01321210181873722,0.013125583229932403
2022-03-22 00:00:00+05:30,137.25586411629988,141.18970375684526,135.3863224486427,136.671630859375,39742745,0.016806591995677023,0.016666923952025847
2022-03-23 00:00:00+05:30,137.48957314668718,138.42434407128292,136.20426461115022,136.7884979248047,10994784,0.000855093809116303,0.0008547284246827047
2022-03-24 00:00:00+05:30,139.35911435632033,140.52758097826685,137.48957251570872,138.22959899902344,20332589,0.010535250376175309,0.010480141346299376
2022-03-25 00:00:00+05:30,139.0475276986509,139.6317610083091,136.39900811603658,136.9442901611328,13608989,-0.00929836190799993,-0.009341861535255624
2022-03-28 00:00:00+05:30,136.7105906202449,138.58013240413868,136.04845480006006,137.3727264404297,15253027,0.003128544306540748,0.0031236605950892837
2022-03-29 00:00:00+05:30,136.2821600447948,136.4769044895248,132.85466257205005,133.2052001953125,14210783,-0.030337362831074022,-0.03080706471308492
2022-03-30 00:00:00+05:30,126.97336705525717,128.41448057695138,125.53225353356297,126.19438934326172,95239532,-0.052631660338869346,-0.05406730718353092
2022-03-31 00:00:00+05:30,126.07755125703737,128.72607080348374,125.53225733313052,127.67444610595703,33523683,0.01172838800835585,0.011660143545793034
2022-04-01 00:00:00+05:30,127.67443792264598,131.06299560970243,127.40180286442408,130.8292999267578,28335224,0.02471014300060137,0.02440978528201221
2022-04-04 00:00:00+05:30,130.05033103704446,131.68618904204155,128.8039737874697,130.90721130371094,17745513,0.0005955193293607497,0.0005953420780926422
2022-04-05 00:00:00+05:30,132.6209708496317,134.5684153555,131.88094431465336,133.86734008789062,20054934,0.022612419550455787,0.022360548661843893
2022-04-06 00:00:00+05:30,132.8936121255576,135.1526429008088,132.65991641764188,134.60736083984375,12969222,0.005528015656897756,0.005512792256042509
2022-04-07 00:00:00+05:30,132.89362196305507,135.3863486307469,131.0240680475924,131.53041076660156,24550313,-0.022858705898729847,-0.02312401702609712
2022-04-08 00:00:00+05:30,131.64722080209626,133.43887174647648,131.4135251334805,133.1272735595703,9529874,0.012140635642067243,0.012067529235870289
2022-04-11 00:00:00+05:30,133.2052144951725,134.568425754626,132.0756989717342,133.3610076904297,9724979,0.0017557193549433414,0.001754179881375606
2022-04-12 00:00:00+05:30,133.2052248480671,134.13999597852086,131.0240842861684,131.56936645507812,13184429,-0.01343452082718577,-0.013525580483670474
2022-04-13 00:00:00+05:30,133.51677101651953,136.2042535500871,132.97148901197548,135.7368621826172,23458303,0.03167527396251457,0.031183960531397936
2022-04-18 00:00:00+05:30,137.10008333312356,139.43701657175637,136.39900811603658,136.9442901611328,23916912,0.00889535796761809,0.008856027338866035
2022-04-19 00:00:00+05:30,138.11277971641178,140.06022440534522,137.10010610091456,137.9959259033203,17880666,0.007679296018476611,0.0076499603141275685
2022-04-20 00:00:00+05:30,137.8011505749273,138.15170004943974,136.1653045343137,136.71058654785156,10076403,-0.009314328282193363,-0.009357977893843739
2022-04-21 00:00:00+05:30,136.86639931014358,137.64537712282083,135.46423687007288,135.6589813232422,12246720,-0.0076922003713391085,-0.0077219379410014
2022-04-22 00:00:00+05:30,135.6589866974177,137.33379619277682,135.30844904507788,135.54214477539062,10267952,-0.0008612518442341344,-0.0008616229346873894
2022-04-25 00:00:00+05:30,133.20520450195903,134.76316011016908,131.10196680812706,132.15357971191406,12583497,-0.025000084431980985,-0.02531789458119782
2022-04-26 00:00:00+05:30,133.2830880444602,133.75046752856832,129.07660136994912,130.05032348632812,20086229,-0.015915242176344324,-0.016043249639725587
2022-04-27 00:00:00+05:30,130.82931369395064,131.5693401959349,127.24602309466891,128.41448974609375,13981957,-0.012578467291596951,-0.012658245912469113
2022-04-28 00:00:00+05:30,129.3103049693005,129.3103049693005,126.54493161228392,128.3755340576172,13030499,-0.0003033589788316027,-0.0003034050014747436
2022-04-29 00:00:00+05:30,129.69979435108112,130.43982083048752,124.24695014412876,124.98697662353516,15964743,-0.026395663776254907,-0.026750283514562767
2022-05-02 00:00:00+05:30,123.19531745333438,124.05219767055344,121.44261764323237,121.79316711425781,23405519,-0.025553138379346585,-0.02588529038668863
2022-05-04 00:00:00+05:30,123.85746711060887,126.8175850540259,123.03953806375898,126.38914489746094,23661920,0.037735924700040835,0.03704134457311348
2022-05-05 00:00:00+05:30,127.90814706538852,131.1798513121266,127.28496247404378,128.41448974609375,26878516,0.01602467403570107,0.015897634329612664
2022-05-06 00:00:00+05:30,127.6744391451121,130.4008610709733,125.49331111342818,130.05032348632812,16768573,0.012738700620691823,0.012658245912469113
2022-05-09 00:00:00+05:30,128.7260672261031,130.32297391690065,126.77862294129066,128.33657836914062,9952775,-0.013177553667274466,-0.013265147997952198
2022-05-10 00:00:00+05:30,124.98698474786704,125.92175572399748,119.1057000222537,120.31311798095703,22602956,-0.06251888970504837,-0.06455867035928353
2022-05-11 00:00:00+05:30,119.96255093077647,124.63641655145608,119.76780652991482,123.54585266113281,15084514,0.02686934504255345,0.026514702836280435
2022-05-12 00:00:00+05:30,123.85745556133624,125.4154109772021,119.96256702167157,121.9100112915039,21459069,-0.013240763120683341,-0.013329203571601056
2022-05-13 00:00:00+05:30,124.63644184324579,124.87013754895335,119.1446462472763,119.6120376586914,12934346,-0.018849753260359536,-0.019029674426797705
2022-05-16 00:00:00+05:30,120.11837933422977,121.71528626730854,118.24883729166727,119.5730972290039,13205775,-0.00032555610998463713,-0.0003256091148795548
2022-05-17 00:00:00+05:30,121.52053862077751,127.5186653933976,121.17000098277688,127.09022521972656,17843200,0.06286638186118076,0.06096939236323262
2022-05-18 00:00:00+05:30,126.19437201246322,128.14181602500125,124.79220994618485,127.12914276123047,12616832,0.00030621978548417417,0.00030617290977463796
2022-05-19 00:00:00+05:30,123.50692113421319,126.23334318182823,122.92268783829567,124.63643646240234,8932407,-0.019607670158760082,-0.019802450858130705
2022-05-20 00:00:00+05:30,125.9217487872045,127.59655808483987,124.71434278127278,126.11649322509766,7235654,0.01187499261615832,0.011805038152575165
2022-05-23 00:00:00+05:30,125.99967138511823,127.90816480318969,120.46892371355531,120.81947326660156,18029557,-0.04200100893260461,-0.042908554177389036
2022-05-24 00:00:00+05:30,122.61108085495484,122.88372779473873,116.96349273126637,117.35298156738281,19141394,-0.028691498195572707,-0.02911114559617367
2022-05-25 00:00:00+05:30,119.10570073748076,119.3783477216909,114.97712791092455,118.87201690673828,19366472,0.012944156331326395,0.012861096729549715
2022-05-26 00:00:00+05:30,119.02778530826068,119.41727412675219,115.36659279169145,118.32669830322266,12824105,-0.004587443013972403,-0.00459799762215507
2022-05-27 00:00:00+05:30,120.74154636045525,121.13103521968253,109.91376082843968,112.01699829101562,52469252,-0.053324398488985736,-0.054798798323673736
2022-05-30 00:00:00+05:30,113.45811890068667,114.74343948270665,109.95271858178275,112.21176147460938,40261336,0.001738693114126777,0.0017371833370267709
2022-05-31 00:00:00+05:30,113.26337137742138,119.18360762162642,113.26337137742138,117.82039642333984,57675204,0.049982594293375815,0.04877358716858282
2022-06-01 00:00:00+05:30,117.7814395523316,119.10569941899732,115.87294634276121,116.65192413330078,22780094,-0.009917402466043557,-0.009966907481263831
2022-06-02 00:00:00+05:30,115.13290823427431,119.10568743452859,113.73074597513774,118.7551498413086,25429955,0.018029927269818558,0.017869315800163044
2022-06-03 00:00:00+05:30,119.92361568832888,120.1183601151973,117.74247573015114,118.09302520751953,16747177,-0.005575544594687898,-0.005591145961219901
2022-06-06 00:00:00+05:30,119.26150576344664,121.52053662570333,119.02781004653023,119.92362976074219,30327268,0.015501377409934403,0.015382458423334633
2022-06-07 00:00:00+05:30,120.58576461242414,126.93442886448857,120.11837318259089,126.07756042480469,61411715,0.05131541362065262,0.0500421549785699
2022-06-08 00:00:00+05:30,127.36288331639054,129.62191441275863,126.27231903943887,127.28498077392578,45994327,0.009576806095016543,0.009531239180200046
2022-06-09 00:00:00+05:30,129.31031546658664,130.36194025651088,128.14184876056328,128.95977783203125,31122996,0.013157852936947156,0.013072040310312616
2022-06-10 00:00:00+05:30,127.7523362675805,129.81662231252386,127.24600554297352,128.2586669921875,17812698,-0.005436662900869305,-0.005451495336346035
2022-06-13 00:00:00+05:30,126.1944280507703,127.71343267783308,123.42905394771434,124.28593444824219,12237777,-0.030974378863514174,-0.031464226639595694
2022-06-14 00:00:00+05:30,124.28589960385023,125.06487733638923,120.97524424055943,121.48157501220703,12844437,-0.022563771584330095,-0.022822228723264004
2022-06-15 00:00:00+05:30,122.26055418559031,122.4942498853575,117.46984582851952,117.93722534179688,16223385,-0.029176026653045972,-0.029610111010454077
2022-06-16 00:00:00+05:30,116.18453417549804,118.0540880282183,111.08223909186943,111.822265625,25130676,-0.051849275740335155,-0.053241797529888224
2022-06-17 00:00:00+05:30,110.96538680763777,113.06862452023664,109.56322437048583,110.18640899658203,22922034,-0.014629077843082428,-0.014737137977323123
2022-06-20 00:00:00+05:30,107.96631896658953,108.20000277838933,101.26710568233244,104.6946029663086,28656582,-0.04984104736949724,-0.05112598982531491
2022-06-21 00:00:00+05:30,106.01886384359541,109.21266510468018,105.16198366662432,108.35579681396484,20581784,0.03497022524489113,0.034372658424196345
2022-06-22 00:00:00+05:30,106.68098909604508,106.68098909604508,102.04607435561746,105.0451431274414,31824106,-0.03055354474673344,-0.031030035063128736
2022-06-23 00:00:00+05:30,104.38302570687074,106.25256768144583,102.98086328281043,105.00621032714844,26829020,-0.0003706292279095358,-0.0003706979278970124
2022-06-24 00:00:00+05:30,106.71996012829158,109.83587137291323,105.31779769096022,106.99260711669922,25461812,0.018916945801225715,0.01874024532630969
2022-06-27 00:00:00+05:30,109.05688282457763,111.08222968867969,106.91469405480913,110.22534942626953,24188349,0.030214632549745213,0.029767161649473017
2022-06-28 00:00:00+05:30,111.23801808292248,118.20986612980116,110.73167544550556,116.34032440185547,54387675,0.05547702962535217,0.05399282551647122
2022-06-29 00:00:00+05:30,116.34033070907549,122.61109203324231,113.88654368607985,120.07941436767578,165860322,0.032139243078822544,0.0316335834217254
2022-06-30 00:00:00+05:30,119.18360018006479,120.31311558229754,116.26243350898477,118.05408477783203,38725546,-0.016866584505836446,-0.01701044526302642
2022-07-01 00:00:00+05:30,116.02872562834877,117.74247418505064,101.2671006426855,102.08502960205078,125788305,-0.13526897612931976,-0.14533677546960533
2022-07-04 00:00:00+05:30,101.22815916512627,101.22815916512627,96.67114038435679,98.15119934082031,85993413,-0.03853483979546635,-0.0392969494464781
2022-07-05 00:00:00+05:30,98.93017559045315,100.17654476184369,98.1511978298984,99.24176788330078,44595740,0.011111107656398334,0.011049832769836065
2022-07-06 00:00:00+05:30,95.81426054039201,96.20374940437735,93.36047950865873,94.21735382080078,59092334,-0.050628018521478246,-0.051954585119949215
2022-07-07 00:00:00+05:30,94.45105819084384,96.71009499805476,94.45105819084384,96.2037582397461,36229792,0.021083211726826923,0.020864036083727555
2022-07-08 00:00:00+05:30,98.42383073851295,98.42383073851295,94.2563012519491,94.64579010009766,42778692,-0.016194462338632087,-0.01632702578802281
2022-07-11 00:00:00+05:30,94.64580000919175,98.0733034203726,94.29526238640922,97.76171112060547,31521678,0.032921918843008324,0.032391600487847505
2022-07-12 00:00:00+05:30,97.29432718755545,98.73543491084335,96.20375709261661,96.671142578125,25216226,-0.011155374941576812,-0.0112180627768117
2022-07-13 00:00:00+05:30,95.38582348556903,97.29432254645567,94.56790041072784,96.94377899169922,27166975,0.002820246107610558,0.002816276674989737
2022-07-14 00:00:00+05:30,96.90483119233689,103.29245217003415,96.43744574107329,99.0470199584961,38464081,0.021695471217157314,0.0214634740098969
2022-07-15 00:00:00+05:30,99.39755868328005,100.0207373109572,97.06062545745155,98.57963562011719,18088858,-0.004718812727275923,-0.004729981473385436
2022-07-18 00:00:00+05:30,98.96912197855879,101.81238590996536,98.89121945183939,101.18920135498047,21010247,0.026471651253808792,0.026127340197113824
2022-07-19 00:00:00+05:30,101.65660486340192,103.7598425867724,96.94378670512667,99.63126373291016,33778758,-0.01539628340977739,-0.015516036944236866
2022-07-20 00:00:00+05:30,105.16201052010308,106.40837984373375,102.98087014687883,103.2535171508789,60317150,0.03635659412771508,0.03571128743906815
2022-07-21 00:00:00+05:30,103.60404326938398,103.99353215385536,102.6692723239042,103.68194580078125,20853780,0.00414928868017439,0.0041407041202514705
2022-07-22 00:00:00+05:30,104.22722283640212,104.22722283640212,102.4745229407886,103.17559814453125,11630255,-0.004883662747060313,-0.004895626796121988
2022-07-25 00:00:00+05:30,102.82506927290225,103.17560690453557,100.02074444731994,101.11132049560547,21705935,-0.020007421193081742,-0.02021027999219349
2022-07-26 00:00:00+05:30,101.92925039958875,102.51348375254109,99.51441445288253,99.86495208740234,22172845,-0.012326694994130749,-0.01240329886484215
2022-07-27 00:00:00+05:30,100.56602540844723,101.4228937431484,99.55335202538552,100.1765365600586,20187969,0.0031200583001687043,0.0031152010189821056
2022-07-28 00:00:00+05:30,101.57870257477636,101.65660511097387,99.90390502285362,101.46186065673828,25736737,0.012830590284074184,0.01274897562866073
2022-07-29 00:00:00+05:30,101.61763247280096,104.77249434520512,101.18919238633151,104.49984741210938,19738642,0.029942154970418855,0.029502640441605443
2022-08-01 00:00:00+05:30,104.46094370258675,108.27793075155492,103.75985644366256,107.81053924560547,20592826,0.03168130782468914,0.031189809120274248
2022-08-02 00:00:00+05:30,106.48626708984375,106.75891408511875,104.85042077696895,106.48626708984375,15037928,-0.012283327446724557,-0.012359391031041334
2022-08-03 00:00:00+05:30,105.94097429931615,107.8494674149568,104.22722562172572,105.66832733154297,15853543,-0.007681175992493738,-0.0077108281647708665
2022-08-04 00:00:00+05:30,104.65565879379801,106.83678684571603,104.38301184418005,106.13571166992188,14311959,0.0044231261171803204,0.004413372844251029
2022-08-05 00:00:00+05:30,105.2398955328731,107.88841504666395,104.07142894392007,106.33045959472656,66480753,0.0018348953593523287,0.0018332139953001203
2022-08-08 00:00:00+05:30,106.17466642678419,107.10943732069525,105.20094426932332,106.33045959472656,12451233,0.0,0.0
2022-08-10 00:00:00+05:30,106.25256129364303,106.52520826307885,103.9545792878884,104.22722625732422,15829467,-0.019780158436432216,-0.019978404349221712
2022-08-11 00:00:00+05:30,104.77250964331317,105.94097629361035,102.86401649174594,103.44824981689453,19479706,-0.007473828752829759,-0.007501897753667386
2022-08-12 00:00:00+05:30,104.3051161039882,108.82318943702192,103.9935297580923,108.43370056152344,40876891,0.04819270266489051,0.04706744558425857
2022-08-16 00:00:00+05:30,108.6673838770147,110.53692551179434,106.01886458003423,109.0179214477539,31230003,0.005387816547854474,0.005373354188049184
2022-08-17 00:00:00+05:30,109.01793643068575,109.68007228905974,108.04421421911074,108.78424072265625,15694770,-0.002143507434322567,-0.002145808034540231
2022-08-18 00:00:00+05:30,110.25969764690454,110.29957700580681,107.42843353744773,108.1063461303711,42597708,-0.006231551443314665,-0.006251048600571352
2022-08-19 00:00:00+05:30,109.66153519055233,110.45907362830181,106.91003001421082,107.34867858886719,35382493,-0.007008538986140511,-0.007033214154341216
2022-08-22 00:00:00+05:30,107.26890947546552,107.26890947546552,103.52048161542123,105.19530487060547,31231393,-0.020059620170164272,-0.020263546076489725
2022-08-23 00:00:00+05:30,105.19531772297712,107.02965860993245,103.75975823441921,106.67076873779297,24268146,0.01402594791661449,0.013928494502937205
2022-08-24 00:00:00+05:30,107.4284303953455,109.58178184889701,107.26892513387342,108.4652328491211,22730039,0.016822454103983198,0.01668252375705137
2022-08-25 00:00:00+05:30,109.26276712518275,110.17993147048898,108.58485457815054,108.90387725830078,14620592,0.0040441014844807555,0.004035946086183628
2022-08-26 00:00:00+05:30,108.86400141633729,110.25969374218776,108.54499089535999,108.98362731933594,12105053,0.0007322977201813519,0.0007320297210346993
2022-08-29 00:00:00+05:30,107.02965463519214,108.94375416463764,106.67076477638071,108.38546752929688,9198908,-0.005488528917159119,-0.005503646231916015
2022-08-30 00:00:00+05:30,109.9805545605682,111.53576437508177,109.70142338654476,110.5388412475586,21720398,0.019867734737405218,0.019672947061987855
2022-09-01 00:00:00+05:30,107.66770026934539,108.66462341998748,106.98978765911995,107.42843627929688,20349294,-0.028138570417033493,-0.028542046842090052
2022-09-02 00:00:00+05:30,107.4284275349882,108.265845347259,105.51434010934442,105.87322998046875,17495310,-0.014476672589600392,-0.014582482034906086
2022-09-05 00:00:00+05:30,105.99284762455338,106.79038601802473,105.79346302618555,106.39161682128906,14865879,0.004896297590202492,0.004884349709538327
2022-09-06 00:00:00+05:30,106.9499201763155,106.98978736665457,105.03582043063182,105.35484313964844,10870488,-0.009744881341376188,-0.00979267343654211
2022-09-07 00:00:00+05:30,104.47752817981647,106.03272559287396,103.71986914981103,105.67383575439453,12042788,0.003027792602977586,0.0030232180704521383
2022-09-08 00:00:00+05:30,104.99592387106647,106.98976984028133,104.8762979807016,105.15544128417969,14629497,-0.004905608531327377,-0.00491768052535857
2022-09-09 00:00:00+05:30,105.67384008151382,107.02965295432594,105.23519151897948,106.87014770507812,12327341,0.01630639746225304,0.016174875997870153
2022-09-12 00:00:00+05:30,107.66768612078766,107.9866966192833,106.55113720658248,106.87014770507812,13500202,0.0,0.0
2022-09-13 00:00:00+05:30,107.0296616220265,107.78732074441481,106.47138711971256,106.79039764404297,10846178,-0.0007462332816760009,-0.0007465118523262149
2022-09-14 00:00:00+05:30,105.63397046170726,106.94991627058343,105.27508057545798,106.23212432861328,8597956,-0.005227748259637899,-0.005241460746735704
2022-09-15 00:00:00+05:30,106.55113950714808,107.18916051791498,105.27507314667285,105.75360107421875,10810473,-0.0045045061220303495,-0.004514681979371993
2022-09-16 00:00:00+05:30,104.55729213411078,105.27507184709822,103.67999500093006,104.67691802978516,20909579,-0.010181053254895489,-0.010233234654118739
2022-09-19 00:00:00+05:30,105.35482399766879,107.1492853378825,103.44072459975894,104.11863708496094,19411428,-0.005333372011061321,-0.005347645211712049
2022-09-20 00:00:00+05:30,104.79655261414453,106.55114702597943,104.71680606690668,106.23212432861328,13080582,0.02029883700770818,0.02009556184520278
2022-09-21 00:00:00+05:30,105.43458382209764,106.23212229604613,103.7198809708969,104.39778137207031,11156865,-0.01726730937685761,-0.017418128039919267
2022-09-22 00:00:00+05:30,103.99900182235805,104.35790383562255,102.16467324974907,102.60330963134766,11366882,-0.01718879191816558,-0.017338234165469757
2022-09-23 00:00:00+05:30,102.2843027291399,102.96221525634152,101.68614891201042,102.56344604492188,10407849,-0.000388521447982626,-0.0003885969419954449
2022-09-26 00:00:00+05:30,101.52664351391728,102.72295114643916,97.81808863615241,98.45611572265625,12848954,-0.04004672698367262,-0.040870669646195346
2022-09-27 00:00:00+05:30,99.1739018544897,102.00516569492665,98.77513264230058,99.25365447998047,14465123,0.00810044913381347,0.008067816602720157
2022-09-28 00:00:00+05:30,98.85488356284598,98.85488356284598,96.90091689071333,97.73833465576172,15267018,-0.015267143886620205,-0.015384886662327624
2022-09-29 00:00:00+05:30,98.49599256493977,102.24442061732277,98.49599256493977,101.00823974609375,20597761,0.03345570703500078,0.03290824197407094
2022-09-30 00:00:00+05:30,100.09106632819754,105.59407626251766,100.09106632819754,101.12786865234375,33530494,0.0011843479952795555,0.0011836472084549854
2022-10-03 00:00:00+05:30,105.03581121341064,107.66769052685005,104.15852622191147,105.59408569335938,50966493,0.04416405784610711,0.043216620645449844
2022-10-04 00:00:00+05:30,107.58793612434044,107.66769484015876,105.11557413710113,106.79039764404297,14137567,0.011329346173398758,0.011265649771947217
2022-10-06 00:00:00+05:30,108.86399239073545,108.90387174491916,105.5940800591963,105.79346466064453,14570735,-0.00933541784085723,-0.009379265961032779
2022-10-07 00:00:00+05:30,105.31495724204045,107.06953943955794,104.63704467575195,106.9100341796875,13532236,0.010554239079177519,0.010498931907630293
2022-10-10 00:00:00+05:30,106.07260332232792,106.87014169317249,105.43457019175831,106.27198791503906,10183057,-0.0059680671654828155,-0.005985947253533297
2022-10-11 00:00:00+05:30,106.27199957051923,106.47138418509806,103.87938419557321,104.55729675292969,13176461,-0.01613493071645755,-0.016266516044183277
2022-10-12 00:00:00+05:30,104.55729111638456,105.27507082238537,102.96221428574236,104.75667572021484,9401804,0.0019068871659555509,0.0019050713646091566
2022-10-13 00:00:00+05:30,104.63704870096701,105.15545602732735,101.80579067857106,103.56037902832031,13320136,-0.011419765696742967,-0.011485471933210256
2022-10-14 00:00:00+05:30,105.2750619783678,105.91309509091846,101.32724958807289,101.7658920288086,13205955,-0.017327930009033543,-0.017479815722182046
2022-10-17 00:00:00+05:30,101.2873818533363,102.24442554719019,100.48984341354624,101.9254150390625,9320940,0.0015675488817878946,0.0015663215594639013
2022-10-18 00:00:00+05:30,102.44381910798317,102.96222644082411,101.76591259187785,102.64320373535156,6490293,0.007042293583145787,0.007017612440510135
2022-10-19 00:00:00+05:30,102.64319476708522,102.64319476708522,101.60639844619939,101.9254150390625,7381712,-0.006993046496675648,-0.007017612440510135
2022-10-20 00:00:00+05:30,101.28738002836533,104.47753373004613,100.33033635175522,103.3609848022461,18748363,0.014084512313571773,0.013986247172844912
2022-10-21 00:00:00+05:30,103.16159384821667,106.39161453684439,102.68306595462079,104.91617584228516,11945173,0.015046209582992187,0.014934138140193731
2022-10-24 00:00:00+05:30,106.07261408213847,106.87015253388388,105.59408614330283,105.9131088256836,2154912,0.009502185677231267,0.00945732387711029
2022-10-25 00:00:00+05:30,105.63396539859453,105.99285526764196,103.56037272772544,104.27815246582031,10232002,-0.015436770556458312,-0.01555715803533353
2022-10-27 00:00:00+05:30,104.27815983118083,105.43458823289038,103.91926993678433,105.1155776977539,13865026,0.008030687273713255,0.007998612909697833
2022-10-28 00:00:00+05:30,105.35482811748113,108.14621253363501,105.11556416220246,106.6308822631836,22918037,0.01441560421983068,0.01431268729133528
2022-10-31 00:00:00+05:30,107.18916534209296,107.82719855104604,105.91311109365809,106.9100341796875,8753855,0.0026179274763469262,0.0026145066731873
2022-11-01 00:00:00+05:30,106.94989460143906,108.22594862394732,106.94989460143906,107.78730010986328,11630848,0.008205646335322836,0.00817216306265589
2022-11-02 00:00:00+05:30,108.34561139320529,111.01735809858984,107.94684213841906,108.82412719726562,21117499,0.009619195270180736,0.009573225371873662
2022-11-03 00:00:00+05:30,108.78424072265625,109.02350469377285,107.86707636442554,108.78424072265625,7561534,-0.00036652234790790494,-0.000366589533641104
2022-11-04 00:00:00+05:30,108.78424850536092,110.37932553429273,108.50511732698104,109.94068908691406,7498344,0.01063066080689179,0.010574552626699152
2022-11-07 00:00:00+05:30,110.49895477294922,110.85784464185238,109.06338312786556,110.49895477294922,9987481,0.0050778805433338015,0.005065031586549473
2022-11-09 00:00:00+05:30,110.81796116478553,110.8578405197299,109.26276367771939,110.57869720458984,12033732,0.0007216577912838584,0.0007213975215094592
2022-11-10 00:00:00+05:30,109.66153871542495,112.33329743555286,109.58178000129799,111.53575897216797,15908521,0.008655028425659461,0.008617788388586511
2022-11-11 00:00:00+05:30,112.13392030573995,112.69219483348543,111.01735908077701,112.0142822265625,18492513,0.00429031244153677,0.004281135290314708
2022-11-14 00:00:00+05:30,112.13390985325387,112.45292036238007,110.53883296868109,111.0572280883789,12743505,-0.008544036699247304,-0.008580746228745717
2022-11-15 00:00:00+05:30,111.65538184488238,114.3271404925304,111.65538184488238,113.52960205078125,24636519,0.02226216163467387,0.022017977119872967
2022-11-16 00:00:00+05:30,113.88849228781342,114.287261509991,112.61242590905678,113.9682388305664,11460200,0.0038636335533790422,0.0038561888907322484
2022-11-17 00:00:00+05:30,113.21057364134714,114.68602455167976,113.01118904100328,114.2074966430664,13368536,0.002099337630861342,0.0020971371008489115
2022-11-18 00:00:00+05:30,114.16764320274633,114.24740192877552,111.81490681856144,113.05109405517578,19958908,-0.010125452548047198,-0.010177063628628247
2022-11-21 00:00:00+05:30,113.88848320198232,114.18158367434138,112.54861358254624,113.42790222167969,16348881,0.0033330784602580987,0.0033275360663207465
2022-11-22 00:00:00+05:30,113.0091901850423,113.80473215041401,111.29248629474974,113.21854400634766,11198874,-0.001845738228702043,-0.001847443702401641
2022-11-23 00:00:00+05:30,113.51164795161522,114.43279712686773,112.67423264068917,114.30718994140625,9010911,0.009615438394946718,0.009569504283525099
2022-11-24 00:00:00+05:30,114.30720727497936,117.23816130767115,113.46979183706743,116.77758026123047,11803087,0.021611854171995182,0.021381629204498154
2022-11-25 00:00:00+05:30,116.40071902495744,118.32677664354884,115.3539499689776,117.69871520996094,9789098,0.00788794344487953,0.007856996252262327
2022-11-28 00:00:00+05:30,116.81944396472291,118.24304753630267,116.44260960429656,116.90319061279297,8925344,-0.006758991342843856,-0.006781936775262842
2022-11-29 00:00:00+05:30,117.28002162281932,118.15931029065798,116.81944062748057,117.44750213623047,13558920,0.004656087832883626,0.004645281785551347
2022-11-30 00:00:00+05:30,116.90317883102333,118.74548990139215,116.90317883102333,118.1593017578125,17720938,0.006060576927011896,0.006042285497871447
2022-12-01 00:00:00+05:30,118.45240574540998,118.9129867708862,117.07067544692624,117.280029296875,27727625,-0.0074414155115754,-0.007469240970459978
2022-12-02 00:00:00+05:30,118.78738379892657,121.25775676063645,117.69874118486676,117.99182891845703,24518337,0.006069231273640119,0.006050887673131555
2022-12-05 00:00:00+05:30,118.49428660517152,120.54595190953057,117.74061780861376,120.37847137451172,18440387,0.020227184186661473,0.020025332090392034
2022-12-06 00:00:00+05:30,119.62479927819662,119.87601368482248,118.20118282494123,119.28982543945312,10977472,-0.009043526825255,-0.009084667741127816
2022-12-07 00:00:00+05:30,117.90811359227806,118.7036558199617,117.32192525492945,117.7824935913086,9731670,-0.012635879402050021,-0.012716391069006683
2022-12-08 00:00:00+05:30,118.2849067545148,119.75038347536719,117.53123812353931,119.45728302001953,10150945,0.014219340902411615,0.01411919430384323
2022-12-09 00:00:00+05:30,119.33169877935107,119.70853316727573,117.48938738887298,117.82434844970703,9438307,-0.013669610835187362,-0.013763900217507619
2022-12-12 00:00:00+05:30,117.23815393850393,119.3316924016915,116.56821907469495,119.20608520507812,8946335,0.011727090143518915,0.011658860725537679
2022-12-13 00:00:00+05:30,119.79227781377281,121.1321348125988,119.37357010577497,120.88092041015625,12593054,0.014049913661679181,0.01395212847592564
2022-12-14 00:00:00+05:30,120.88091616784487,124.43993156092304,120.6715623211932,123.6025161743164,17692988,0.022514684326737644,0.022264970031442566
2022-12-15 00:00:00+05:30,123.64436343831044,124.64927201663795,122.80694814166644,123.47688293457031,11426194,-0.0010164294678994823,-0.0010169463826326108
2022-12-16 00:00:00+05:30,124.23057532083793,126.03101325617693,123.10005945952166,123.26753997802734,20540447,-0.001695402018318637,-0.0016968408388029488
2022-12-19 00:00:00+05:30,123.14193832760053,123.56064603168761,121.42523418525447,122.09516906738281,10635055,-0.009510783705536041,-0.009556300036098975
2022-12-20 00:00:00+05:30,121.8439462993175,122.43013455066668,119.83415435813582,122.13704681396484,6714207,0.00034299265811998936,0.0003429338495850587
2022-12-21 00:00:00+05:30,122.68134384952772,122.93257100003015,119.49916309169868,120.16909790039062,10011408,-0.016112628927173356,-0.016243848772806047
2022-12-22 00:00:00+05:30,121.42522962734444,121.55083682267764,118.5361491331793,119.1223373413086,9123323,-0.008710729941150963,-0.008748890112782348
2022-12-23 00:00:00+05:30,117.74059825893349,120.16909755834276,116.65195579515073,117.07066345214844,8007752,-0.017223250776902677,-0.017373296304116437
2022-12-26 00:00:00+05:30,117.65687020213414,119.62480161206696,116.8194547558556,118.3268051147461,7150680,0.010729773160558675,0.010672617624985392
2022-12-27 00:00:00+05:30,118.99674743354726,121.7602083559038,118.99674743354726,121.25776672363281,8765357,0.024770056168122334,0.02446825197767666
2022-12-28 00:00:00+05:30,120.12723971242485,121.13213566308617,119.49917814601837,120.50407409667969,9534858,-0.006215623521014679,-0.006235020928652801
2022-12-29 00:00:00+05:30,119.54105685130735,122.26265709485725,119.33170298641889,121.13214111328125,36752195,0.005211998194332157,0.005198462742539434
2022-12-30 00:00:00+05:30,121.80205879503706,124.56553197597523,121.0483900993012,122.89070129394531,9644998,0.014517700789417054,0.014413327927891295
2023-01-02 00:00:00+05:30,123.35129746341316,126.28225151757056,123.30942413562178,125.98915100097656,9631496,0.025213052528848312,0.024900447116985802
2023-01-03 00:00:00+05:30,125.3610884666824,126.11477002737118,123.93748477819761,125.23548126220703,14991139,-0.005982020934196863,-0.005999984897790078
2023-01-04 00:00:00+05:30,124.60741967297693,124.64929300044687,121.42523845444379,122.47200775146484,13535874,-0.022066218637801782,-0.022313319458236336
2023-01-05 00:00:00+05:30,122.13702064202049,123.10004307873827,120.7134044792999,122.68133544921875,16320559,0.0017091880960971029,0.0017077290963571912
2023-01-06 00:00:00+05:30,122.84884550167246,124.02123481315822,122.51388442864558,123.39317321777344,16804116,0.005802331430027063,0.005785562738750194
2023-01-09 00:00:00+05:30,125.02611515979201,125.77978386873342,123.76999212626016,124.06307983398438,18660445,0.005429041159583647,0.005414357038782569
2023-01-10 00:00:00+05:30,124.43989366838255,125.86349683653093,124.43989366838255,125.06795501708984,18490715,0.008099711730920722,0.008067085124856987
2023-01-11 00:00:00+05:30,125.1935979870456,125.61230567262102,122.4719980308055,122.93257904052734,12538238,-0.01707372584984468,-0.017221162512218058
2023-01-12 00:00:00+05:30,123.68624864846166,124.14682966147934,122.05329121862134,122.38825225830078,13270422,-0.00442784806497154,-0.00443768001787781
2023-01-13 00:00:00+05:30,122.59760837055175,123.51877041362793,122.17890067423437,123.05818939208984,8854484,0.0054738679687587055,0.005458940801607248
2023-01-16 00:00:00+05:30,123.68625004621023,123.76999669604879,122.2626464445679,123.6025161743164,9696320,0.004423328385664949,0.004413574221996619
2023-01-17 00:00:00+05:30,124.18870877132902,124.77489700704825,122.80696566790667,123.81187438964844,18484595,0.0016938022122201524,0.0016923693470181078
2023-01-18 00:00:00+05:30,124.14685265622546,125.40297595460211,124.10497932402352,124.98426818847656,12139643,0.009469154752786313,0.00942460332899131
2023-01-19 00:00:00+05:30,123.97935482476956,127.37088981325411,123.97935482476956,127.07778930664062,18437610,0.016750277042923756,0.016611538284061922
2023-01-20 00:00:00+05:30,127.2871323522751,127.70584002448653,126.07288265845077,126.9521713256836,17512691,-0.000988512482334003,-0.0009890013830142763
2023-01-23 00:00:00+05:30,127.7477265022219,128.20830754467198,126.7428305410233,127.58024597167969,16742252,0.0049473328375362335,0.004935135001061575
2023-01-24 00:00:00+05:30,127.58021299175252,128.29200825704166,126.95215158111628,127.4127197265625,8276792,-0.0013131048920721478,-0.0013139677697493468
2023-01-25 00:00:00+05:30,126.65908262546864,128.4595206722724,126.57533597205881,127.66397857666016,9827342,0.0019720075879148258,0.0019700657334338345
2023-01-27 00:00:00+05:30,127.66397513650487,129.0875787604932,122.76510271472641,123.64437866210938,13052535,-0.03148577977410505,-0.03199211351092579
2023-01-30 00:00:00+05:30,123.5187614138169,124.64927722268024,119.95974625443574,121.34147644042969,12688399,-0.01862520760424513,-0.018800841007996283
2023-01-31 00:00:00+05:30,121.55083027333447,123.85372243528698,120.79716158605484,121.34147644042969,19050398,0.0,0.0
2023-02-01 00:00:00+05:30,122.09515356100802,122.26263406578342,119.20607332531621,120.79715728759766,11526089,-0.004485845803098076,-0.004495937400257333
2023-02-02 00:00:00+05:30,119.75040104183121,121.42523182563303,117.78246975968612,120.12723541259766,11886667,-0.005545841392649908,-0.005561276665194015
2023-02-03 00:00:00+05:30,120.16910779969429,121.71833137379507,117.32190060063552,120.83904266357422,9250428,0.0059254443718090855,0.005907957968777744
2023-02-06 00:00:00+05:30,118.66174777531964,120.75528606626722,118.57801391044794,120.16909790039062,6436143,-0.005544108496860378,-0.005559534106962971
2023-02-07 00:00:00+05:30,120.5040795186159,121.38336830673657,119.08047579296358,121.13214111328125,8681511,0.008014067091432375,0.007982124999649898
2023-02-08 00:00:00+05:30,121.76019722949266,122.17890494043031,119.8760125302732,120.50407409667969,10325869,-0.005184974118588426,-0.005198462742539434
2023-02-09 00:00:00+05:30,121.13213356783872,122.59761053077187,119.9178837827117,122.43013000488281,8078404,0.015983326062966707,0.015856937666274717
2023-02-10 00:00:00+05:30,122.38825777238364,123.100065986203,121.25775462907336,122.84883880615234,6396208,0.003419981676510808,0.0034141468387511864
2023-02-13 00:00:00+05:30,123.4768916405917,124.60740748194807,122.76509625502355,124.06307983398438,6563018,0.009884025275550545,0.009835497800254167
2023-02-14 00:00:00+05:30,124.48180396297543,124.94238502506167,123.1000735546627,124.31432342529297,6991500,0.002025127795028059,0.002023079987983678
2023-02-15 00:00:00+05:30,124.77489908509335,125.10986014595572,121.84394507973882,123.5187759399414,12631259,-0.0063994836912710795,-0.006420048168669368
2023-02-16 00:00:00+05:30,125.61230909629403,131.0136358318457,124.27243935475562,130.5530548095703,30949761,0.05694906556594437,0.055386517993774476
2023-02-17 00:00:00+05:30,130.2180896932243,132.98156296256008,129.29692767746423,131.13925170898438,19874561,0.0044901048104091235,0.0044800543636149825
2023-02-20 00:00:00+05:30,131.64168542017063,132.14413972209528,129.29691997442842,129.67376708984375,8348393,-0.011175026546534905,-0.011237936273349014
2023-02-21 00:00:00+05:30,129.71562207651812,130.55303735855617,128.50137247315158,129.0457000732422,7599927,-0.004843439276090544,-0.004855206740142393
2023-02-22 00:00:00+05:30,129.17134439761065,129.3806982783199,127.03593225878687,128.6270294189453,9599697,-0.003244359587799117,-0.003249633933371854
2023-02-23 00:00:00+05:30,128.71074454593162,130.80428304790823,128.33391017116483,129.50628662109375,18675946,0.006835711017508128,0.006812453472697655
2023-02-24 00:00:00+05:30,130.45189538771106,133.54664082172056,128.73259528375442,133.24575805664062,14648507,0.028874825563393047,0.028465802769549242
2023-02-27 00:00:00+05:30,132.38611547497734,134.14840080441934,131.5264653744905,133.46067810058594,11904749,0.0016129597450595945,0.0016116603225801995
2023-02-28 00:00:00+05:30,132.51506580005946,133.63261362208303,129.9791004728808,130.70980834960938,17607584,-0.020611837060375948,-0.02082722581960539
2023-03-01 00:00:00+05:30,130.66681439171893,133.33173493212203,130.53787212440437,133.07383728027344,7707977,0.018086086732993945,0.017924479123670345
2023-03-02 00:00:00+05:30,132.81593230505968,133.2887424545085,131.2255744707006,132.42909240722656,8219892,-0.004845016016851944,-0.004856791156175433
2023-03-03 00:00:00+05:30,132.38613115060272,133.8475338710288,131.91332091590635,132.60104370117188,8260104,0.0012984404772371505,0.0012975982323917279
2023-03-06 00:00:00+05:30,132.9878826404909,137.28613361864006,131.999290162405,135.9966583251953,14491522,0.025607751864123784,0.025285365525559378
2023-03-08 00:00:00+05:30,134.57822454206521,136.55542237734448,134.4492691579182,136.0396270751953,7339476,0.0003159544545370263,0.00031590455143959417
2023-03-09 00:00:00+05:30,136.72733398917742,136.81329111813352,134.14838401057193,134.36329650878906,5314022,-0.012322369609846562,-0.012398919507020878
2023-03-10 00:00:00+05:30,133.76155954354428,134.70716677428155,132.55804154457948,133.93348693847656,4689681,-0.003198861456070179,-0.0032039887506334352
2023-03-13 00:00:00+05:30,134.27734172834113,135.8247145171705,133.41769163646032,133.93348693847656,8785721,0.0,0.0
2023-03-14 00:00:00+05:30,133.93347253272398,134.8361076555562,131.56943503432527,131.7843475341797,7177342,-0.016046318612492283,-0.016176454798457307
2023-03-15 00:00:00+05:30,132.38612327440904,132.7729632189746,130.49489556536153,131.13963317871094,9832270,-0.0048921921877067565,-0.00490419813283971
2023-03-16 00:00:00+05:30,129.97907984209198,131.87030725452254,127.22820241335499,130.83872985839844,18551936,-0.0022945261704555575,-0.0022971626293504244
2023-03-17 00:00:00+05:30,131.95627826213794,133.159783045003,130.6238181057541,131.6553955078125,16593429,0.006241772984940441,0.0062223738016253805
2023-03-20 00:00:00+05:30,131.52645025369364,132.5150425087133,130.3229454982595,130.92469787597656,8749355,-0.005550077374478546,-0.005565536279187988
2023-03-21 00:00:00+05:30,131.65541589719177,132.17121123671097,129.76418818098858,130.2799835205078,6148489,-0.0049243142503141435,-0.004936478636335728
2023-03-22 00:00:00+05:30,131.01067828140293,131.3545462134892,129.6782310358823,130.2799835205078,4329409,0.0,0.0
2023-03-23 00:00:00+05:30,129.8931505056642,131.65542292241344,129.2054277220147,131.35455322265625,4484564,0.008248156571030618,0.008214326424547558
2023-03-24 00:00:00+05:30,131.26854921528147,131.69837420493022,127.91591954290838,128.43170166015625,8301726,-0.022251619687256197,-0.022502921893277517
2023-03-27 00:00:00+05:30,128.56067735237067,131.05365743957765,128.3027796943652,129.1624298095703,7437261,0.0056896244460549195,0.005673499666601245
2023-03-28 00:00:00+05:30,129.1624401400906,129.1624401400906,126.06769423094387,126.5405044555664,8964539,-0.020299442785874477,-0.020508307871749842
2023-03-29 00:00:00+05:30,126.58346266097332,129.67820791179605,125.93872516015342,128.38873291015625,24012834,0.014605824929667666,0.014500187243442042
2023-03-31 00:00:00+05:30,129.033478503802,131.52645841644178,128.99049337760778,129.8501434326172,7998472,0.011382700719412941,0.011318405225803296
2023-04-03 00:00:00+05:30,132.81591275765905,135.69574523909696,131.6124081154796,132.085205078125,20016785,0.017212623616913003,0.017066164650946902
2023-04-05 00:00:00+05:30,134.75014874575544,135.26594403568905,131.13962106787758,131.44049072265625,15880397,-0.0048810489796145,-0.004893000204721609
2023-04-06 00:00:00+05:30,131.6984003913521,131.91331292890888,129.2913773472721,129.46331787109375,10670936,-0.015042342285029986,-0.015156625825420988
2023-04-10 00:00:00+05:30,129.54925418659838,135.3948768917161,128.9475018016344,135.093994140625,17431401,0.04349244528969742,0.04257320772903306
2023-04-11 00:00:00+05:30,135.05101068162512,136.9422379242315,134.44924523047197,136.72732543945312,13305621,0.012090332432749928,0.012017828178905177
2023-04-12 00:00:00+05:30,136.68435173131368,136.72733685530176,134.62119695206792,135.52381896972656,7333339,-0.008802238073906565,-0.008841206613565689
2023-04-13 00:00:00+05:30,135.9536414018502,137.9738241360882,135.82469914954478,136.4694366455078,11610851,0.006977501689149346,0.0069532715694125
2023-04-17 00:00:00+05:30,136.77032110335648,137.93084074029295,135.8247008505477,137.67294311523438,9358885,0.008818871824412877,0.008780212694638578
2023-04-18 00:00:00+05:30,137.67294637274583,138.0168142533663,137.02820885345315,137.62997436523438,8008560,-0.00031210744121334955,-0.0003121561568768527
2023-04-19 00:00:00+05:30,136.08260169548822,137.9308440039066,135.86768918905733,137.62997436523438,11374283,0.0,0.0
2023-04-20 00:00:00+05:30,137.20014645420986,137.6299714579922,136.25452619900148,136.81329345703125,5733670,-0.005933888398728215,-0.00595156387203577
2023-04-21 00:00:00+05:30,136.59841440727237,137.4150926082329,136.42648698709905,137.20018005371094,3512214,0.002827843602794422,0.00282385277492736
2023-04-24 00:00:00+05:30,137.2001590821427,138.1887514349451,136.94226143269273,137.75892639160156,7028440,0.004072489829618942,0.004064219688685533
2023-04-25 00:00:00+05:30,137.715943281891,139.09138868763358,137.54401588547805,138.102783203125,10169778,0.0024960764469517116,0.002492966422302345
2023-04-26 00:00:00+05:30,137.54403081641104,138.91947637146353,137.3291182682604,138.53262329101562,9177783,0.0031124650634912765,0.0031076313713063186
2023-04-27 00:00:00+05:30,137.71594788755144,138.31770035373103,137.20016568106323,137.58700561523438,6456825,-0.006825956610918893,-0.006849360013957195
2023-04-28 00:00:00+05:30,137.37208046928475,137.37208046928475,133.116815349694,136.64137268066406,12656744,-0.00687298142976378,-0.006896709149246227
2023-05-02 00:00:00+05:30,137.1141723447013,141.67031987991234,136.98523009408555,141.197509765625,16612560,0.033343759621098146,0.03279991272798899
2023-05-03 00:00:00+05:30,140.0370111280701,140.42386420851804,138.27473872701162,138.53262329101562,8029435,-0.01887346652949362,-0.019053843564785566
2023-05-04 00:00:00+05:30,138.2317286218424,138.57558338987636,136.8562833152694,138.40365600585938,9929482,-0.0009309524507113975,-0.0009313860560755671
2023-05-05 00:00:00+05:30,138.44664796017048,139.2203277850186,137.28611510567904,137.80191040039062,5488707,-0.0043477580205198985,-0.004357237005288006
2023-05-08 00:00:00+05:30,137.80190212998372,142.14313739539887,137.54400449810606,141.84225463867188,9699470,0.02931994358091128,0.028898335230646666
2023-05-09 00:00:00+05:30,141.8422621641866,143.1317372747701,141.32646687306553,142.0571746826172,7600834,0.0015152046510598094,0.0015140578867347543
2023-05-10 00:00:00+05:30,142.05716751810925,144.1203223441021,141.84225501051753,143.51856994628906,10901429,0.010287373847444936,0.010234818944419466
2023-05-11 00:00:00+05:30,142.78787307115758,144.9799701207417,142.78787307115758,143.6045379638672,7877677,0.0005990027465456738,0.0005988234160101413
2023-05-12 00:00:00+05:30,144.55016229553794,145.28087014374057,141.84226966696565,142.2720947265625,16373574,-0.009278559411819876,-0.009321873379879442
2023-05-15 00:00:00+05:30,142.2720924866868,143.21771284980036,141.32647212357324,142.35806274414062,8559162,0.0006042507333805514,0.0006040682474139913
2023-05-16 00:00:00+05:30,144.67911652921438,144.8510439282372,143.34665623165313,144.4212188720703,12249266,0.014492724108207344,0.014388708358760383
2023-05-17 00:00:00+05:30,144.42121155058857,144.42121155058857,142.78788166684453,143.77647399902344,7360259,-0.0044643361832999995,-0.004474331090254857
2023-05-18 00:00:00+05:30,143.991369313682,144.80803415798772,142.70189436460424,143.00277709960938,7433090,-0.005381248252195436,-0.0053957793222130235
2023-05-19 00:00:00+05:30,142.87384967776467,143.34665987500932,140.98262200600615,141.7563018798828,5969632,-0.008716440652465907,-0.00875465102227313
2023-05-22 00:00:00+05:30,141.06858758565102,143.04577233489272,141.06858758565102,142.35806274414062,7331865,0.004245037830965082,0.004236053075980628
2023-05-23 00:00:00+05:30,142.35804990242715,143.60453981974754,141.36944449976596,141.84225463867188,10119254,-0.0036233150095320577,-0.003629895114698911
2023-05-24 00:00:00+05:30,141.8422768958529,143.0887670087663,141.5413940919129,142.91683959960938,6107980,0.007575915679533418,0.0075473625503965636
2023-05-25 00:00:00+05:30,142.91683208511537,143.90542447370342,142.05718196731016,142.70191955566406,8077606,-0.0015038118989156857,-0.0015049437589080839
2023-05-26 00:00:00+05:30,142.74489799707217,143.9054177314043,139.52121020633984,140.7677001953125,14873707,-0.013554263084716744,-0.013646960693476373
2023-05-29 00:00:00+05:30,137.54399137676887,137.75890386329507,134.53521656540204,136.68434143066406,43253971,-0.029007782033682816,-0.02943682517574242
2023-05-30 00:00:00+05:30,137.28611461669135,139.00541476998046,135.17997455235604,136.555419921875,16117505,-0.0009432061305607586,-0.0009436512293650168
2023-05-31 00:00:00+05:30,136.68437622087558,137.0282310399518,128.99050986836474,133.15980529785156,83741017,-0.024866201766038376,-0.025180588441412688
2023-06-01 00:00:00+05:30,132.98784011836798,134.10538763880137,131.6983652372257,132.085205078125,13982606,-0.008070004438072709,-0.008102743177365035
2023-06-02 00:00:00+05:30,133.2457516305057,133.2457516305057,131.8703063667874,132.98785400390625,9851058,0.0068338382428778655,0.006810593411168853
2023-06-05 00:00:00+05:30,133.67558512156072,134.10541015410593,132.77294992977195,133.58961486816406,11850547,0.0045249310079109595,0.004514724285824556
2023-06-06 00:00:00+05:30,133.6755626784206,134.0194173998385,131.6983652372257,132.085205078125,8118800,-0.011261427705467453,-0.011325317696993409
2023-06-07 00:00:00+05:30,132.04225910829848,132.81593894262994,131.13962389009887,132.25717163085938,12180164,0.0013019365237207925,0.0013010897392584653
2023-06-08 00:00:00+05:30,132.8159304293086,134.66417275797465,132.55803279532253,134.19137573242188,13850599,0.014624568767892754,0.014518661082867368
2023-06-09 00:00:00+05:30,134.70718407330543,134.87911149031655,132.2142037335916,132.60104370117188,11764248,-0.011851223840354197,-0.0119220094132384
2023-06-12 00:00:00+05:30,133.11679944081197,133.4606541724693,131.1825870615008,133.28872680664062,11017643,0.005186106279966518,0.005172704745345591
2023-06-13 00:00:00+05:30,133.41767976982473,134.27732978524526,132.60101487861886,133.8045196533203,10073644,0.0038697409678760675,0.00386227278072937
2023-06-14 00:00:00+05:30,134.19138262490486,136.168567313509,133.976470105081,135.69577026367188,9695952,0.014134429952378902,0.014035470299379682
2023-06-15 00:00:00+05:30,135.39487671498054,135.73873147244876,134.2773290773815,135.52381896972656,7426254,-0.0012671824155696676,-0.0012679859701121288
2023-06-16 00:00:00+05:30,136.03961993174948,136.3834747036468,134.40629008940903,134.96505737304688,11466647,-0.004122977059881294,-0.004131499964358909
2023-06-19 00:00:00+05:30,135.73874339318962,136.21155356414485,134.53523851913937,135.6527862548828,4718221,0.00509560693131883,0.005082668261289669
2023-06-20 00:00:00+05:30,135.43787506889458,135.65278759261,134.57822497403293,135.1799774169922,6059738,-0.0034854340330485734,-0.003491522309221118
2023-06-21 00:00:00+05:30,134.9650497525114,138.0168098703589,134.62119500002913,137.71592712402344,8284206,0.01875980271256128,0.01858600782118014
2023-06-22 00:00:00+05:30,137.7159352420364,138.36067277885982,135.3948827329159,136.64137268066406,10629027,-0.007802688227859456,-0.007833288479733191
2023-06-23 00:00:00+05:30,136.68437519389556,136.68437519389556,133.58962937657955,134.8791046142578,8722650,-0.012897031344413779,-0.012980920111103522
2023-06-26 00:00:00+05:30,134.9650748769912,136.03963757505642,133.97648244165939,134.8791046142578,4273205,0.0,0.0
2023-06-27 00:00:00+05:30,136.55542034296732,136.55542034296732,135.26594522402416,135.69577026367188,9730174,0.0060547973813265266,0.006036540752059061
2023-06-28 00:00:00+05:30,135.69577865863866,137.67296346956346,134.57823086297245,136.2975311279297,40243993,0.004434632436136621,0.004424828427811001
2023-06-30 00:00:00+05:30,138.4036628327413,138.4036628327413,136.64137754589922,137.80191040039062,7840112,0.011037465315853145,0.01097699703307331
2023-07-03 00:00:00+05:30,137.80189003924144,140.33785477622595,137.54399242999176,140.03697204589844,9548822,0.016219380696637087,0.016089251730169174
2023-07-04 00:00:00+05:30,139.69315516456538,140.03700999192827,137.54402970049514,138.5756072998047,5394282,-0.010435563728232955,-0.010490396027630133
2023-07-05 00:00:00+05:30,139.2633118638676,141.32646679274094,138.70454456315332,139.95103454589844,8795342,0.009925464321567379,0.009876530428565289
2023-07-06 00:00:00+05:30,139.9510292152519,142.5299793367226,139.73611670512938,142.1861114501953,9845699,0.01597042073714605,0.015844235284794728
2023-07-07 00:00:00+05:30,142.2721111052627,142.70193621434203,139.9510581396785,140.5528106689453,7597171,-0.011487062727797537,-0.011553548675417247
2023-07-10 00:00:00+05:30,140.89665824895047,142.18613350974215,139.69315325243315,139.90806579589844,5437687,-0.0045872072566766064,-0.004597760778380255
2023-07-11 00:00:00+05:30,140.33789532637954,141.92825344526676,140.03701250911297,141.49842834472656,6343183,0.011367197021708408,0.011303075898414505
2023-07-12 00:00:00+05:30,142.6589131924534,145.28084828494482,142.05716082300077,144.1203155517578,15614026,0.018529444020704222,0.018359865467355796
2023-07-13 00:00:00+05:30,144.97997751831957,145.53875792821444,143.73348755350634,144.24928283691406,11350009,0.0008948584705945617,0.0008944583234518078
2023-07-14 00:00:00+05:30,145.28086079945416,145.92559834738074,144.5931381248887,145.4957733154297,9448062,0.008641224788097368,0.008604103103105665
2023-07-17 00:00:00+05:30,144.24927903219955,144.7650611847841,142.83084859885022,143.04576110839844,4968847,-0.016839061033887992,-0.01698244999172971
2023-07-18 00:00:00+05:30,143.04576091897277,144.55014848381808,142.74489127633487,143.4755859375,4322257,0.0030048064743131153,0.003000301066335531
2023-07-19 00:00:00+05:30,143.7334890779711,144.3782266304595,142.78788187131957,143.34664916992188,5968174,-0.0008986669525384849,-0.0008990709957696907
2023-07-20 00:00:00+05:30,143.5615625985901,144.50718292846247,142.70191252314942,143.73348999023438,5217131,0.0026986387373026943,0.0026950039496362876
2023-07-21 00:00:00+05:30,143.8624643051558,147.00018224657148,143.13175639797748,146.61334228515625,7842863,0.020036056281090397,0.019837975966594534
2023-07-24 00:00:00+05:30,147.55891985084034,148.07471510680796,146.35541507654023,147.00015258789062,8451631,0.00263830219477601,0.0026348279848766865
2023-07-25 00:00:00+05:30,147.8598018932894,149.02033465503678,147.25804950902776,148.71945190429688,10480578,0.01169590157655298,0.011628033195064447
2023-07-26 00:00:00+05:30,149.45016078154885,149.83700066596023,147.8598030023686,148.6764678955078,9103949,-0.0002890274825428918,-0.0002890692590353794
2023-07-27 00:00:00+05:30,149.10629250152493,149.27821988110807,146.7422549599068,147.00015258789062,7731146,-0.01127492017630749,-0.011338963936029067
2023-07-28 00:00:00+05:30,146.74224600510848,150.39575834647547,145.19487344885073,147.6878662109375,9004252,0.00467831911014982,0.004667409786932808
2023-07-31 00:00:00+05:30,148.54752205976214,152.58787442098694,147.34400419399822,152.20103454589844,9277749,0.030558829582620683,0.03010120810571948
2023-08-01 00:00:00+05:30,150.69664177794596,152.1580440978148,149.83699181129163,151.900146484375,5584773,-0.00197691206515882,-0.0019788687350166256
2023-08-02 00:00:00+05:30,152.15806735530535,153.5764847702043,149.57911706114763,151.25543212890625,8975495,-0.004244330044375966,-0.004253362780809233
2023-08-03 00:00:00+05:30,150.65367805516678,151.12648822742858,147.4299902223173,147.94578552246094,6152393,-0.021881175174090273,-0.022124118550572724
2023-08-04 00:00:00+05:30,149.0203399658203,149.96594714129716,147.9457774137657,149.0203399658203,4605271,0.007263163594452227,0.00723691384924674
2023-08-07 00:00:00+05:30,149.83700066596023,150.0089280460077,147.9457732510015,148.6764678955078,2240015,-0.0023075512402627174,-0.0023102177394713763
2023-08-08 00:00:00+05:30,148.63348695330572,149.40717986111625,148.37560243458753,149.0203399658203,3631238,0.0023128883486402962,0.0023102177394713763
2023-08-09 00:00:00+05:30,149.02035041036908,152.37298056087135,148.9773652818304,152.0720977783203,4852294,0.020478800499314165,0.020271929410942136
2023-08-10 00:00:00+05:30,153.10368001439278,154.5220973579959,152.07208945480633,153.57647705078125,10430692,0.009892539752124119,0.009843928907656618
2023-08-11 00:00:00+05:30,153.79138903704253,154.47911170200192,151.90016154631837,152.32998657226562,4112277,-0.008116415368113028,-0.00814953278553432
2023-08-14 00:00:00+05:30,154.73701562774315,155.12385554336862,152.45894814455576,153.01771545410156,12876956,0.004514730797994693,0.004504569971691019
2023-08-16 00:00:00+05:30,151.55631140610612,154.26420390547702,151.12648636701746,153.92034912109375,8371665,0.005898883435251134,0.005881553141882989
2023-08-17 00:00:00+05:30,153.6194449886483,153.96331284244172,152.24401292512678,152.8027801513672,5199363,-0.007260696692204971,-0.007287183838399436
2023-08-18 00:00:00+05:30,153.1476182320069,153.1476182320069,150.1303557370565,151.1217498779297,6734650,-0.011001306859549698,-0.01106226875519134
2023-08-21 00:00:00+05:30,151.12175427912706,151.98382930279098,150.25967925546317,151.768310546875,3599820,0.004278409093777524,0.0042692827232286845
2023-08-22 00:00:00+05:30,151.76833833824872,153.36316953153522,151.38040713740733,151.8545379638672,5348036,0.0005681516561757416,0.0005679903191300184
2023-08-23 00:00:00+05:30,152.5873021834936,152.75971458336483,150.86315187633548,151.294189453125,6379611,-0.003690034675654652,-0.00369685964837263
2023-08-24 00:00:00+05:30,151.29416396736258,152.32865134655168,148.9665640756319,149.22518920898438,7976333,-0.013675345045433218,-0.013769713915409376
2023-08-25 00:00:00+05:30,149.2251952694262,151.07865135098805,149.00967650858314,150.60450744628906,4757915,0.009243199788294465,0.009200742841955822
2023-08-28 00:00:00+05:30,150.94933811205883,151.5527879826154,150.47519423011417,151.03553771972656,4354221,0.0028620011495421593,0.002857913421783209
2023-08-29 00:00:00+05:30,151.38036838960954,151.8114058700421,150.82001177251522,151.46656799316406,4596468,0.0028538334748564598,0.002849769023113957
2023-08-30 00:00:00+05:30,151.4665829479114,152.50107037224365,150.8631330465694,151.5096893310547,5937955,0.00028469211695991703,0.0002846515998493615
2023-08-31 00:00:00+05:30,151.55280287940099,151.72521526590424,149.18209639087124,150.13037109375,15823452,-0.009103828563009064,-0.009145521647634602
2023-09-01 00:00:00+05:30,150.34590177278469,159.26838488887068,150.34590177278469,156.68215942382812,22460960,0.043640658997550874,0.042715233848783285
2023-09-04 00:00:00+05:30,158.49248913820622,159.00972622976934,156.72523281170342,157.71661376953125,10998180,0.006602247183132848,0.006580547806600556
2023-09-05 00:00:00+05:30,158.19077202469873,160.34595965446303,157.2424842059139,157.845947265625,13506519,0.0008200372364242092,0.000819701189590738
2023-09-06 00:00:00+05:30,159.39768755609364,160.99253182109746,157.1994064803082,157.8028564453125,11954407,-0.00027299288362458984,-0.00027303015296453736
2023-09-07 00:00:00+05:30,159.48390367762423,159.65631607778246,156.03560305756747,156.68215942382812,11137801,-0.0071018804521625345,-0.007127218843226757
2023-09-08 00:00:00+05:30,157.32869144610223,159.44077261823313,156.89765393529098,159.00973510742188,9737214,0.014855397016182437,0.014746136350598071
2023-09-11 00:00:00+05:30,159.87180964244757,160.30284715194688,157.1562785942903,158.10455322265625,10845871,-0.0056926192861972424,-0.005708883998614134
2023-09-12 00:00:00+05:30,159.3545627179896,159.39765594291117,155.3459062337789,155.94935607910156,15524470,-0.013631467909210437,-0.013725229414202289
2023-09-13 00:00:00+05:30,156.81143353679215,159.22524611065845,155.94935855714135,158.53558349609375,10578786,0.016583764640107912,0.016447755649457996
2023-09-14 00:00:00+05:30,159.26835573914826,162.84596171598488,158.79421185982497,161.98388671875,17746404,0.02175097316711372,0.021517795913093885
2023-09-15 00:00:00+05:30,165.25977721911696,165.25977721911696,160.00112753687233,160.9062957763672,19924829,-0.006652457625330399,-0.006674683849073659
2023-09-18 00:00:00+05:30,160.17355448801266,161.639079511405,159.5701045553478,160.99252319335938,5022956,0.0005358859115869308,0.0005357423760088409
2023-09-20 00:00:00+05:30,160.73389184270926,163.36322339897237,160.51837307833065,162.24252319335938,12687099,0.007764335729421923,0.007734348395893598
2023-09-21 00:00:00+05:30,162.414942140439,162.45804852590177,160.3890735659074,160.9494171142578,7814108,-0.007970204442397932,-0.008002136303974616
2023-09-22 00:00:00+05:30,160.86319608458606,161.8114706674301,159.4838708587145,159.57008361816406,7814821,-0.008569981307323227,-0.008606914761189799
2023-09-25 00:00:00+05:30,160.3459545042958,160.9494043904033,159.69939823613333,159.9149169921875,5540062,0.002161015186584736,0.0021586835517943825
2023-09-26 00:00:00+05:30,160.3459373504598,162.19939319255417,159.699381151466,161.8545684814453,12446655,0.012129271776144313,0.012056301616587106
2023-09-27 00:00:00+05:30,163.19080995401995,163.19080995401995,160.60458479834364,161.42355346679688,5630907,-0.002662977132448674,-0.002666529163438902
2023-09-28 00:00:00+05:30,162.84595331629546,163.36320354964454,160.77697869133883,161.595947265625,14890642,0.0010679593846480984,0.0010673895217152563
2023-09-29 00:00:00+05:30,162.5011425201872,165.73392387005828,162.19941099917747,165.38909912109375,10085766,0.023473063029444186,0.023201807286738152
2023-10-03 00:00:00+05:30,163.19078764509342,163.19078764509342,158.32005637522144,159.1390380859375,22118500,-0.037790042199698504,-0.03852260077812719
2023-10-04 00:00:00+05:30,159.00974496749322,159.13906412128813,156.9838764335904,157.54421997070312,9360058,-0.01002153924276672,-0.01007209290105937
2023-10-05 00:00:00+05:30,156.25111488821514,158.62182145893289,156.035596109059,157.07008361816406,11128340,-0.0030095445750230043,-0.0030140823610311784
2023-10-06 00:00:00+05:30,158.1907640890259,158.1907640890259,155.69075182560152,156.4235076904297,5759904,-0.004116480445163551,-0.004124976474632724
2023-10-09 00:00:00+05:30,157.67352554238064,159.22526330415624,156.25110693404903,156.6390380859375,14622727,0.0013778644827115993,0.0013769160985077633
2023-10-10 00:00:00+05:30,157.15627799286415,159.05284039655888,156.94075923893925,158.19076538085938,11819690,0.00990638932595167,0.00985764272206513
2023-10-11 00:00:00+05:30,158.96661591866038,159.22524103515568,157.544197509266,157.97523498535156,8499601,-0.001362471412214905,-0.001363400420316907
2023-10-12 00:00:00+05:30,157.9321413303938,159.3545730086034,157.75972895691348,159.00973510742188,8677885,0.006548495542141319,0.006527147293798663
2023-10-13 00:00:00+05:30,159.05284979557842,160.56148116220317,158.66491864643353,159.39767456054688,7435899,0.002439721397327732,0.002436750108842034
2023-10-16 00:00:00+05:30,162.02699865275898,162.2425174094544,160.56147373807445,160.82009887695312,12376549,0.008923745721685306,0.008884164404292072
2023-10-17 00:00:00+05:30,161.20801862678272,161.25112500592266,159.95801255704473,160.56146240234375,4381065,-0.0016082347692576437,-0.0016095293669913247
2023-10-18 00:00:00+05:30,162.0701137083837,162.1132200928739,160.38906994704,161.16493225097656,10181113,0.0037584974601228005,0.00375145195669635
2023-10-19 00:00:00+05:30,160.34595859552635,160.90630211387597,159.52698993246872,160.60458374023438,9148124,-0.0034768637501709776,-0.00348292208769152
2023-10-20 00:00:00+05:30,161.20803425245822,161.466659398146,159.61319014923467,160.51837158203125,7912216,-0.0005367976193167978,-0.0005369417467395721
2023-10-23 00:00:00+05:30,160.30284308575764,160.30284308575764,158.79421184077754,159.3545684814453,4723090,-0.007250279759978717,-0.007276690773866612
2023-10-25 00:00:00+05:30,159.35456042599534,160.21663537954853,157.759716500234,158.92352294921875,6812004,-0.002704946185943524,-0.002708611163414254
2023-10-26 00:00:00+05:30,158.19075625226583,158.75109971844688,155.08728111314917,155.94935607910156,8474867,-0.018714453435993428,-0.018891784743943596
2023-10-27 00:00:00+05:30,156.03556012268479,160.1735223589921,155.43211031106523,159.26834106445312,6422123,0.021282453924773348,0.02105914531605446
2023-10-30 00:00:00+05:30,159.4838779338921,163.10459036965523,159.13905318923688,162.759765625,7352638,0.021921648315115894,0.02168482378889447
2023-10-31 00:00:00+05:30,163.1045970396675,163.62184733202363,158.7942217841043,160.4752655029297,9404675,-0.014036024894099608,-0.014135461450724307
2023-11-01 00:00:00+05:30,160.47527318261103,162.75978006991937,159.52699847353944,160.9494171142578,9167869,0.002954670988342789,0.002950314527181419
2023-11-02 00:00:00+05:30,161.20803425245822,161.76837777293065,160.13044044061024,160.51837158203125,11471209,-0.0026781428597567603,-0.0026817355001815812
2023-11-03 00:00:00+05:30,160.90630895773586,164.35460928925312,160.17355302982156,163.7942657470703,7464912,0.020408219524984172,0.020202762452002254
2023-11-06 00:00:00+05:30,163.96666137559916,167.4149613547042,163.4063178906828,166.63909912109375,8962124,0.017368333140650893,0.01721922764264061
2023-11-07 00:00:00+05:30,166.72529933162593,170.69084958364118,165.82013110721036,166.55288696289062,13921916,-0.0005173585230466848,-0.0005174923991440039
2023-11-08 00:00:00+05:30,166.98392516645856,169.44084418252115,165.77702542599798,168.40635681152344,10186886,0.011128416219202464,0.011066950982193902
2023-11-09 00:00:00+05:30,169.39774445479208,169.5701568310265,165.69081917175646,166.12185668945312,5303833,-0.013565403143463772,-0.013658253886029037
2023-11-10 00:00:00+05:30,166.12185569811038,169.39774344390023,166.12185569811038,168.8804931640625,6025889,0.016606101867536527,0.01646972824316162
2023-11-13 00:00:00+05:30,168.8804806099438,170.08739345510617,167.32875619422367,168.79428100585938,11181086,-0.000510492103545479,-0.0005106224490019073
2023-11-15 00:00:00+05:30,171.12188801012542,175.00122552168997,170.38911899625276,171.9839630126953,19769385,0.01889686065089613,0.018720532877344986
2023-11-16 00:00:00+05:30,174.5702010145053,175.34606331288114,173.27708841439787,173.9667510986328,18629240,0.011528912645135003,0.011462961147091555
2023-11-17 00:00:00+05:30,173.14780135951145,173.49262616224408,168.57880037507732,169.26846313476562,13199928,-0.02700681557939444,-0.027378201527134216
2023-11-20 00:00:00+05:30,170.6908446805711,171.1218821671382,169.82876970743692,170.56153869628906,6423265,0.007639199515233619,0.0076101685855869405
2023-11-21 00:00:00+05:30,171.36060517379897,172.20408730832767,169.5848476072311,169.76242065429688,10720353,-0.004685218297749594,-0.0046962283360816315
2023-11-22 00:00:00+05:30,169.76244245463477,170.33957186665543,168.4750207631376,169.58486938476562,7538825,-0.0010458808777993323,-0.0010464281928550534
2023-11-23 00:00:00+05:30,169.58487192461158,170.25078110756164,168.3418468689543,169.27410888671875,6541617,-0.0018324777391655056,-0.0018341587804586723
2023-11-24 00:00:00+05:30,169.45169161833763,170.33957050856114,167.05440777636883,167.67593383789062,5751331,-0.009441343743228026,-0.0094861957611867
2023-11-28 00:00:00+05:30,167.67592752170597,172.648040990889,167.27637119779092,172.2041015625,9277764,0.027005471930081626,0.0266472590043616
2023-11-29 00:00:00+05:30,173.58033947149914,173.58033947149914,170.20639665964822,170.47276306152344,8791333,-0.010053991079580604,-0.010104873784688273
2023-11-30 00:00:00+05:30,171.04985590546517,173.7134924690465,170.5171367215226,173.09197998046875,14965403,0.0153644304926297,0.015247592872908555
2023-12-01 00:00:00+05:30,173.3583594594177,176.02199622447918,172.47048053773054,172.73684692382812,9935740,-0.0020517013941414586,-0.0020538090167487866
2023-12-04 00:00:00+05:30,174.46820443741134,182.8142607063287,174.06866164065752,179.39593505859375,28615290,0.03855047868103134,0.037825970452715296
2023-12-05 00:00:00+05:30,179.5291114748594,181.0828995550908,176.82107811115043,179.39593505859375,14557746,0.0,0.0
2023-12-06 00:00:00+05:30,180.90532892154474,180.90532892154474,176.77669738619906,179.30714416503906,12662213,-0.0004949437317277594,-0.0004950662568061759
2023-12-07 00:00:00+05:30,178.3748636152942,178.3748636152942,174.06865912676005,176.59910583496094,16425880,-0.015102791038741792,-0.015217999640063873
2023-12-08 00:00:00+05:30,177.44260961366408,177.84215242264912,172.3373057651864,173.97987365722656,10414387,-0.01483151438027186,-0.014942601047082782
2023-12-11 00:00:00+05:30,174.95654259716855,178.3304851777206,172.47047893002718,175.62245178222656,10108266,0.009441196216961156,0.009396906669935312
2023-12-12 00:00:00+05:30,174.8677617543587,175.62246430374935,172.73685762942674,173.49154663085938,10719911,-0.01213344381508541,-0.012207654946479352
2023-12-13 00:00:00+05:30,173.49153246614412,173.49153246614412,170.51714626576862,171.49380493164062,10892122,-0.01151492241561125,-0.011581732505250741
2023-12-14 00:00:00+05:30,173.9354770011266,174.290636701969,171.58260325535892,173.97987365722656,15257294,0.014496551211146791,0.01439248078179478
2023-12-15 00:00:00+05:30,175.1340991201208,179.30712690920933,174.77895300750058,178.50804138183594,22863981,0.02602696294360296,0.025694026075401055
2023-12-18 00:00:00+05:30,178.50805113807405,179.04077033611978,175.2229019989442,176.68789672851562,8061011,-0.010196429467437595,-0.010248769143556657
2023-12-19 00:00:00+05:30,179.35152387154858,180.727738769263,176.95425373731211,177.84213256835938,16739742,0.006532625387562607,0.006511380264428546
2023-12-20 00:00:00+05:30,179.12957047484346,188.2303293217686,178.41926463573594,180.4169921875,57762576,0.014478344259344134,0.014374533835439074
2023-12-21 00:00:00+05:30,181.0828951577924,183.56895873538406,178.64122823386344,179.92864990234375,22823936,-0.0027067421933779645,-0.002710412043750665
2023-12-22 00:00:00+05:30,181.1272976560719,181.5712371111113,179.17396676348997,181.08290100097656,9910694,0.00641504896112588,0.0063945601125006135
2023-12-26 00:00:00+05:30,181.5712394831366,185.12275516984832,180.8165369805275,184.10169982910156,17052969,0.016670811056360924,0.016533378391781817
2023-12-27 00:00:00+05:30,186.01064399809218,186.36579016649486,181.57124915326898,182.50352478027344,20361303,-0.008680935864859962,-0.008718834679463328
2023-12-28 00:00:00+05:30,183.34699046212154,185.47789437518628,182.32593515960232,184.94517517089844,22010872,0.013378647856608028,0.0132899440297356
2023-12-29 00:00:00+05:30,184.67881034579372,184.67881034579372,181.34926448619407,182.0595703125,12171663,-0.015602487903412454,-0.0157254877981865
